{"mean":{"confidence_interval":{"confidence_level":0.95,"lower_bound":-0.000383623080098125,"upper_bound":0.01033166430877789},"point_estimate":0.004695685229016977,"standard_error":0.0027563315914262416},"median":{"confidence_interval":{"confidence_level":0.95,"lower_bound":-0.00036249313658365256,"upper_bound":0.008688002485501611},"point_estimate":0.0031063834615920882,"standard_error":0.0020563585992489125}}