{"mean":{"confidence_interval":{"confidence_level":0.95,"lower_bound":-0.019308384305376895,"upper_bound":-0.01828692002265076},"point_estimate":-0.018799793315420588,"standard_error":0.00026062390006520496},"median":{"confidence_interval":{"confidence_level":0.95,"lower_bound":-0.01943643951776952,"upper_bound":-0.018517862498994342},"point_estimate":-0.0188454180664428,"standard_error":0.00023728971893087253}}