{"mean":{"confidence_interval":{"confidence_level":0.95,"lower_bound":0.0034062396182197308,"upper_bound":0.01565377238703219},"point_estimate":0.008690755053633259,"standard_error":0.003135251199930861},"median":{"confidence_interval":{"confidence_level":0.95,"lower_bound":0.0038274570954131004,"upper_bound":0.009439946110276098},"point_estimate":0.007560366597925361,"standard_error":0.0014620100098351996}}