{"mean":{"confidence_interval":{"confidence_level":0.95,"lower_bound":-0.001700089708025469,"upper_bound":0.0031018839274423275},"point_estimate":0.0008067804817466495,"standard_error":0.0012159311588275995},"median":{"confidence_interval":{"confidence_level":0.95,"lower_bound":-0.0007204296097923502,"upper_bound":0.0014783333943848564},"point_estimate":0.0003100351809335322,"standard_error":0.000555885239632332}}