{"mean":{"confidence_interval":{"confidence_level":0.95,"lower_bound":-7.809913951841162e-6,"upper_bound":0.006511997079108327},"point_estimate":0.0029891642829342757,"standard_error":0.0016276123263376115},"median":{"confidence_interval":{"confidence_level":0.95,"lower_bound":0.0012612669464777682,"upper_bound":0.004100690852970379},"point_estimate":0.003279024807245623,"standard_error":0.0006901207102677481}}