{"mean":{"confidence_interval":{"confidence_level":0.95,"lower_bound":22754275.78,"upper_bound":22774330.76125},"point_estimate":22763975.205,"standard_error":5106.924261195745},"median":{"confidence_interval":{"confidence_level":0.95,"lower_bound":22745784.1875,"upper_bound":22761707.75},"point_estimate":22755413.625,"standard_error":4210.591714260145},"median_abs_dev":{"confidence_interval":{"confidence_level":0.95,"lower_bound":30884.596026688814,"upper_bound":52201.51111073792},"point_estimate":41839.43456970155,"standard_error":5645.815750524717},"slope":null,"std_dev":{"confidence_interval":{"confidence_level":0.95,"lower_bound":42147.64223786422,"upper_bound":59265.22745764135},"point_estimate":51291.790568824574,"standard_error":4406.918620400584}}