{"mean":{"confidence_interval":{"confidence_level":0.95,"lower_bound":-0.009811900303652912,"upper_bound":-0.0012794338207004663},"point_estimate":-0.005481154891390894,"standard_error":0.002152412503953742},"median":{"confidence_interval":{"confidence_level":0.95,"lower_bound":-0.0062419588592181885,"upper_bound":-0.0049975918440227085},"point_estimate":-0.0056602712037804315,"standard_error":0.0003031449389869257}}