{"mean":{"confidence_interval":{"confidence_level":0.95,"lower_bound":1190268.096863079,"upper_bound":1195379.7097025712},"point_estimate":1192146.1918749663,"standard_error":1480.46489201884},"median":{"confidence_interval":{"confidence_level":0.95,"lower_bound":1191055.3673758865,"upper_bound":1191268.9068181817},"point_estimate":1191189.2800344233,"standard_error":52.59144647099822},"median_abs_dev":{"confidence_interval":{"confidence_level":0.95,"lower_bound":398.54895079927167,"upper_bound":634.7478073191169},"point_estimate":531.4040215296388,"standard_error":61.446692273444704},"slope":{"confidence_interval":{"confidence_level":0.95,"lower_bound":1189509.617072115,"upper_bound":1190936.2809584984},"point_estimate":1190298.1026534652,"standard_error":368.4978802197027},"std_dev":{"confidence_interval":{"confidence_level":0.95,"lower_bound":1403.8543236135806,"upper_bound":25384.40175894804},"point_estimate":14870.673126530237,"standard_error":8145.640345638081}}